{
  "dim": 100,
  "count": 12000,
  "scale": 0.004225142828122837,
  "target": 0.45,
  "lo": -1.1644846200942993,
  "hi": 0.34341996908187866,
  "source": "glove-wiki-gigaword-100"
}